{
    "version": 1,
    "models": {
        "StressResult": {
            "name": "StressResult",
            "fields": {
                "id": {
                    "name": "id",
                    "isArray": false,
                    "type": "ID",
                    "isRequired": true,
                    "attributes": []
                },
                "userId": {
                    "name": "userId",
                    "isArray": false,
                    "type": "String",
                    "isRequired": true,
                    "attributes": []
                },
                "userName": {
                    "name": "userName",
                    "isArray": false,
                    "type": "String",
                    "isRequired": false,
                    "attributes": []
                },
                "department": {
                    "name": "department",
                    "isArray": false,
                    "type": "String",
                    "isRequired": false,
                    "attributes": []
                },
                "age": {
                    "name": "age",
                    "isArray": false,
                    "type": "Int",
                    "isRequired": false,
                    "attributes": []
                },
                "scoreA": {
                    "name": "scoreA",
                    "isArray": false,
                    "type": "Int",
                    "isRequired": true,
                    "attributes": []
                },
                "scoreB": {
                    "name": "scoreB",
                    "isArray": false,
                    "type": "Int",
                    "isRequired": true,
                    "attributes": []
                },
                "scoreC": {
                    "name": "scoreC",
                    "isArray": false,
                    "type": "Int",
                    "isRequired": true,
                    "attributes": []
                },
                "total": {
                    "name": "total",
                    "isArray": false,
                    "type": "Int",
                    "isRequired": true,
                    "attributes": []
                },
                "highStress": {
                    "name": "highStress",
                    "isArray": false,
                    "type": "Boolean",
                    "isRequired": true,
                    "attributes": []
                },
                "testDate": {
                    "name": "testDate",
                    "isArray": false,
                    "type": "AWSDateTime",
                    "isRequired": true,
                    "attributes": []
                },
                "responses": {
                    "name": "responses",
                    "isArray": false,
                    "type": "AWSJSON",
                    "isRequired": false,
                    "attributes": []
                },
                "aiComment": {
                    "name": "aiComment",
                    "isArray": false,
                    "type": "String",
                    "isRequired": false,
                    "attributes": []
                },
                "createdAt": {
                    "name": "createdAt",
                    "isArray": false,
                    "type": "AWSDateTime",
                    "isRequired": false,
                    "attributes": [],
                    "isReadOnly": true
                },
                "updatedAt": {
                    "name": "updatedAt",
                    "isArray": false,
                    "type": "AWSDateTime",
                    "isRequired": false,
                    "attributes": [],
                    "isReadOnly": true
                }
            },
            "syncable": true,
            "pluralName": "StressResults",
            "attributes": [
                {
                    "type": "model",
                    "properties": {}
                },
                {
                    "type": "auth",
                    "properties": {
                        "rules": [
                            {
                                "provider": "userPools",
                                "ownerField": "owner",
                                "allow": "owner",
                                "identityClaim": "cognito:username",
                                "operations": [
                                    "create",
                                    "update",
                                    "delete",
                                    "read"
                                ]
                            },
                            {
                                "allow": "private",
                                "operations": [
                                    "read"
                                ]
                            }
                        ]
                    }
                }
            ],
            "primaryKeyInfo": {
                "isCustomPrimaryKey": false,
                "primaryKeyFieldName": "id",
                "sortKeyFieldNames": []
            }
        }
    },
    "enums": {},
    "nonModels": {},
    "queries": {
        "generateAiComment": {
            "name": "generateAiComment",
            "isArray": false,
            "type": "AWSJSON",
            "isRequired": false,
            "arguments": {
                "scoreA": {
                    "name": "scoreA",
                    "isArray": false,
                    "type": "Int",
                    "isRequired": true
                },
                "scoreB": {
                    "name": "scoreB",
                    "isArray": false,
                    "type": "Int",
                    "isRequired": true
                },
                "scoreC": {
                    "name": "scoreC",
                    "isArray": false,
                    "type": "Int",
                    "isRequired": true
                },
                "total": {
                    "name": "total",
                    "isArray": false,
                    "type": "Int",
                    "isRequired": true
                },
                "highStress": {
                    "name": "highStress",
                    "isArray": false,
                    "type": "Boolean",
                    "isRequired": true
                },
                "userName": {
                    "name": "userName",
                    "isArray": false,
                    "type": "String",
                    "isRequired": false
                },
                "department": {
                    "name": "department",
                    "isArray": false,
                    "type": "String",
                    "isRequired": false
                }
            }
        }
    }
}